InternetService,churn_rate,count
DSL,0.1895910780669145,2421
Fiber optic,0.4189276485788114,3096
No,0.07404980340760157,1526
